{
  "id": "1788989",
  "name": "blog",
  "font_family": "iconfont",
  "css_prefix_text": "icon-",
  "description": "",
  "glyphs": [
    {
      "icon_id": "4294083",
      "name": "标签",
      "font_class": "biaoqian",
      "unicode": "e78b",
      "unicode_decimal": 59275
    },
    {
      "icon_id": "579286",
      "name": "点赞",
      "font_class": "dianzan",
      "unicode": "e60c",
      "unicode_decimal": 58892
    },
    {
      "icon_id": "8236037",
      "name": "眼睛",
      "font_class": "yanjing",
      "unicode": "e679",
      "unicode_decimal": 59001
    }
  ]
}
